{
  "n_pixels_total": 307200000,
  "mean_rgb": [
    0.5775931435566366,
    0.5166783227981766,
    0.48016637649278165
  ],
  "std_rgb": [
    0.17764949454629061,
    0.18297998212734057,
    0.20278866423843458
  ],
  "resets_used": 1000
}